sub_num,session,response_uuid,study_uuid,child_hashed_id,child_gender,child_age_at_birth,child_language_list,child_condition_list,trial_order,session_1_data,session_2_data,session_2_survey,coder_1,coder_2,parents_eyes_open,coder_notes,age,age_mo,demographic_number_of_children,demographic_number_of_guardians,demographic_us_race_ethnicity_identification,demographic_parent_age,demographic_parent_gender,demographic_education_level,demographic_annual_income,demographic_country,demographic_state,demographic_density,days_between_sessions
CAT_201,1,245758d4-5be7-4ada-80c2-3ffcac124a90,c82a1669-6a24-429b-87ef-106fe94fb527,EdPURB,f,40 or more weeks,en,,order1A-locationflip,Y,Y,Y,AR,HJW,y,,505,16.6,1,2,White,30-34,f,prof,>200000,US,NJ,suburban,7
CAT_201,2,25a37ce4-32af-4388-96d3-76999283963d,c82a1669-6a24-429b-87ef-106fe94fb527,EdPURB,f,40 or more weeks,en,,order1B-locationflip,Y,Y,Y,HJW,AR,y,,512,16.8,1,2,White,30-34,f,prof,>200000,US,NJ,suburban,7
CAT_202,1,52c5e317-827b-499a-9acb-945aab1505eb,c82a1669-6a24-429b-87ef-106fe94fb527,QUAC43,f,38 weeks,en,,order2B,Y,Y,Y,AR,,y,child started crying/not paying attention and parent talked a few times,558,18.3,2,2,White,30-34,f,hs,70000,US,MI,suburban,3
CAT_202,2,4caa8599-0a35-491f-acd3-8e08b0f31a8b,c82a1669-6a24-429b-87ef-106fe94fb527,QUAC43,f,38 weeks,en,,order2A,Y,Y,Y,AR,,y,,561,18.4,2,2,White,30-34,f,hs,70000,US,MI,suburban,3
CAT_203,1,7fe50f6c-13e6-4ea4-9620-1f656fdfd503,c82a1669-6a24-429b-87ef-106fe94fb527,T2CCJB,f,38 weeks,en,,order2B,Y,Y,Y,EZ,,n,"some inattention, child was low in the frame",457,15,2,2,White,35-39,f,prof,120000,US,CT,suburban,1
CAT_203,2,d3e44881-d962-401c-a63e-e7c03d77dbe1,c82a1669-6a24-429b-87ef-106fe94fb527,T2CCJB,f,38 weeks,en,,order2A,Y,Y,Y,EZ,,n,Fussed out of some trials near the end/parent talked a few times,458,15,2,2,White,35-39,f,prof,120000,US,CT,suburban,1
CAT_204,1,2486d867-3948-48cb-881f-cc87be6a22f3,c82a1669-6a24-429b-87ef-106fe94fb527,6MZMHY,m,39 weeks,en pes,,order2A,Y,Y,Y,AR,,n,trial 17 ended early,455,14.9,1,2,White,25-29,f,bach,90000,US,GA,suburban,100
CAT_204,2,6acd5eac-a271-4795-a056-37ea9e0823c4,c82a1669-6a24-429b-87ef-106fe94fb527,6MZMHY,m,39 weeks,en pes,,order2B,Y,Y,Y,AR,HW,y,parent's eyes only open for one trial,555,18.2,1,2,White,25-29,f,bach,90000,US,GA,suburban,100
CAT_205,1,50d3dd8f-2c27-488a-b8d7-961c4658a36a,c82a1669-6a24-429b-87ef-106fe94fb527,UWS53c,m,39 weeks,en,,order2B,Y,Y,Y,EZ,,n,only 1 trial in video,487,16,3,2,Black or African American,35-39,f,prof,160000,US,NY,urban,7
CAT_205,2,8e4e2c63-2213-4437-96db-735d06f4edb4,c82a1669-6a24-429b-87ef-106fe94fb527,UWS53c,m,39 weeks,en,,order2A,Y,Y,Y,EZ,,y,parent had eyes open a little during the experiment,494,16.2,3,2,Black or African American,35-39,f,prof,160000,US,NY,urban,7
CAT_206,1,e9482bcd-395d-4e9e-a095-1b39c98104d4,c82a1669-6a24-429b-87ef-106fe94fb527,5XNYPF,m,39 weeks,en,,order2B-locationflip,Y,Y,Y,EZ,,n,another child visible from trials 4-8,465,15.3,2,2,White,25-29,f,bach,50000,US,UT,urban,7
CAT_206,2,dc176cd3-ab78-4c62-a315-424576848e7b,c82a1669-6a24-429b-87ef-106fe94fb527,5XNYPF,m,39 weeks,en,,order2A-locationflip,Y,Y,Y,EZ,,y,"fussed out of a couple of trials, hard to see the eyes for the first half",472,15.5,2,2,White,25-29,f,bach,50000,US,UT,urban,7
CAT_206,3,e07666f6-8a85-4569-a01d-f162b58e1bba,c82a1669-6a24-429b-87ef-106fe94fb527,5XNYPF,m,39 weeks,en,,order2B-locationflip,Y,Y,Y,NA,NA,NA,NA,472,15.5,2,2,White,25-29,f,bach,50000,US,UT,urban,7
CAT_208,1,8de823b1-7a51-4608-a13c-02ab8e84f273,c82a1669-6a24-429b-87ef-106fe94fb527,WLE64d,f,39 weeks,en,,order1B-locationflip,Y,Y,Y,CS,,n,Kid gets distracted by computer a lot,484,15.9,4,2,White,40-44,f,col,40000,US,ME,rural,2
CAT_208,2,f814f98e-ecea-47bd-86c3-98e62103d855,c82a1669-6a24-429b-87ef-106fe94fb527,WLE64d,f,39 weeks,en,,order1A-locationflip,Y,Y,Y,SL,,n,super cute!!!! Was good attentive. But compyter did freeze or tuen off at one point tht I cannot pin point. ,486,16,4,2,White,40-44,f,col,40000,US,ME,rural,2
CAT_209,1,db9fdde1-3a63-4027-966c-458b11c23e4f,c82a1669-6a24-429b-87ef-106fe94fb527,GcFYEE,m,40 or more weeks,en,,order2B-locationflip,Y,Y,Y,AR,,y,trial 19 4x as long as other trials,487,16,2,2,White,35-39,f,prof,>200000,US,IN,suburban,7
CAT_209,2,cbd70528-e9ac-4fc2-8e69-d238a21d63bf,c82a1669-6a24-429b-87ef-106fe94fb527,GcFYEE,m,40 or more weeks,en,,order2A-locationflip,Y,Y,Y,AR,,,,494,16.2,2,2,White,35-39,f,prof,>200000,US,IN,suburban,7
CAT_210,1,d3540a70-cb2e-4ebd-ac97-f19e571203ca,c82a1669-6a24-429b-87ef-106fe94fb527,3LYNBM,m,38 weeks,en,,order1A-locationflip,Y,Y,Y,EZ,,n,"fussed out of a good amount of trials, not sure if enough to collect data. Child moved around a lot. Ended at trial 27",422,13.9,1,1,White,30-34,f,hs,NA,US,SC,rural,0
CAT_210,2,ab4255ba-c7e9-4e9e-b444-63a436d55184,c82a1669-6a24-429b-87ef-106fe94fb527,3LYNBM,m,38 weeks,en,,order1B-locationflip,Y,Y,Y,EZ,,n,"trials seem short, ended at 26",422,13.9,1,1,White,30-34,f,hs,NA,US,SC,rural,0
CAT_211,1,e731a18d-797f-4696-a79b-32f54300ead2,c82a1669-6a24-429b-87ef-106fe94fb527,TBZ64A,f,39 weeks,en,,order2B-locationflip,Y,Y,Y,EZ,,y,parent's eyes only open for a few trials,498,16.4,2,2,White,35-39,f,prof,100000,US,IL,suburban,5
CAT_211,2,0a28b2cc-1bdf-4ebe-8171-d1ea07304b4b,c82a1669-6a24-429b-87ef-106fe94fb527,TBZ64A,f,39 weeks,en,,order2A-locationflip,Y,Y,Y,EZ,,y,parent's eyes only open for a few trials,503,16.5,2,2,White,35-39,f,prof,100000,US,IL,suburban,5
CAT_212,1,cfd0e297-de3f-4fce-b169-56008e3ae8cb,c82a1669-6a24-429b-87ef-106fe94fb527,VVK4RJ,m,40 or more weeks,en bn he,,order1A-locationflip,Y,Y,Y,EZ,,y,"lost him near the end, couldn't see his eyes in trial 29, tantrum at half way point",555,18.2,2,2,Asian,35-39,f,prof,NA,US,MD,urban,6
CAT_212,2,b02c7563-16af-469e-b5f6-b8844d1d9394,c82a1669-6a24-429b-87ef-106fe94fb527,VVK4RJ,m,40 or more weeks,en bn he,,order1B-locationflip,Y,Y,Y,EZ,,y,lost him for about half of the trials. Another child visible in the background during the trials,561,18.4,2,2,Asian,35-39,f,prof,NA,US,MD,urban,6
CAT_213,1,3a8157a1-22d3-4e82-a832-4618af9afe42,c82a1669-6a24-429b-87ef-106fe94fb527,c7XJV4,f,40 or more weeks,en,,order2A,Y,Y,Y,AR,,n,,472,15.5,1,2,White,35-39,f,prof,60000,US,MA,urban,15
CAT_213,2,40bdcdde-ee63-4f48-a355-d15cee91b6ed,c82a1669-6a24-429b-87ef-106fe94fb527,c7XJV4,f,40 or more weeks,en,,order2B,Y,Y,Y,AR,,n,,487,16,1,2,White,35-39,f,prof,60000,US,MA,urban,15
CAT_214,1,a2ca9989-80b6-406b-ad3f-405e6feaea39,c82a1669-6a24-429b-87ef-106fe94fb527,cQLXP4,m,Not sure or prefer not to answer,en,,order2B-locationflip,Y,Y,Y,AR,,y,"child moved around frequently, other child visible",554,18.2,3,2,Middle Eastern or North African,30-34,f,bach,40000,US,IN,suburban,30
CAT_214,2,61fc9acc-2a79-418c-9cf4-b1b2a982ec17,c82a1669-6a24-429b-87ef-106fe94fb527,cQLXP4,m,Not sure or prefer not to answer,en,,order2A-locationflip,Y,Y,Y,AR,,y,other child visible,584,19.2,3,2,Middle Eastern or North African,30-34,f,bach,40000,US,IN,suburban,30
CAT_215,1,38d56c16-f2b4-4e97-9112-2188b9278a15,c82a1669-6a24-429b-87ef-106fe94fb527,GVRMMJ,f,39 weeks,en yue,,order2A-locationflip,Y,Y,Y,EZ,,n,,477,15.7,1,2,Asian,35-39,f,prof,NA,US,NY,urban,6
CAT_215,2,6c30211f-39d0-4a45-b0ba-74bfb6815375,c82a1669-6a24-429b-87ef-106fe94fb527,GVRMMJ,f,39 weeks,en yue,,order2B-locationflip,Y,Y,Y,EZ,,n,a bit hard to see the child's eyes,483,15.9,1,2,Asian,35-39,f,prof,NA,US,NY,urban,6
CAT_216,1,7be15752-edef-4fdd-b751-9b38353f40d6,c82a1669-6a24-429b-87ef-106fe94fb527,3dXcWM,f,40 or more weeks,en,,order1A,Y,N,N,EC,,n,video quality terrible - lighting not good and parent interfering such that video is shaking,555,18.2,3,1,White,30-34,m,bach,130000,US,PA,suburban,NA
CAT_217,1,7349e6dd-7ffa-4549-8e48-18dc4f6e128a,c82a1669-6a24-429b-87ef-106fe94fb527,dRMWZ6,m,36 weeks,en,,order1A-locationflip,Y,N,N,EC,,n,"baby very attentive, video quality good",524,17.2,1,2,White,30-34,f,bach,NA,US,WI,suburban,NA
CAT_218,1,410b3c10-548a-4cfa-8aed-81ff962bdeb4,c82a1669-6a24-429b-87ef-106fe94fb527,6U6JdK,m,38 weeks,en,,order2B-locationflip,Y,Y,Y,NA,NA,NA,NA,531,17.4,3,2,White,35-39,f,prof,>200000,US,OH,suburban,4
CAT_218,2,fded4592-d537-4e32-a2ac-c9e6dc394b10,c82a1669-6a24-429b-87ef-106fe94fb527,6U6JdK,m,38 weeks,en,,order2A-locationflip,Y,Y,Y,EZ,,y,"another child visible during the first ~13 trials, most of which w/o a shirt on. Mother spoke to other child during several trials. Ended at trial 27.",535,17.6,3,2,White,35-39,f,prof,>200000,US,OH,suburban,4
CAT_219,1,af9f8a7f-ed2f-4ac9-a486-83e3b70d001b,c82a1669-6a24-429b-87ef-106fe94fb527,HMPXK6,m,39 weeks,en,,order2A-locationflip,Y,N,Y,EC,,n,generally attentive; only prescreened out two trials,433,14.2,7,2,White,30-34,f,col,40000,US,MD,suburban,NA
CAT_220,1,a5a189e6-c0e9-4166-933e-facd87a561ba,c82a1669-6a24-429b-87ef-106fe94fb527,5AFAGU,m,39 weeks,en,,order2B,Y,Y,Y,EZ,,y,fussed out/mom was talking during second half of the trials,443,14.6,2,2,White,35-39,f,prof,120000,US,CT,suburban,2
CAT_220,2,bfa9acfa-d711-4ca1-afdb-263f9cd1fc66,c82a1669-6a24-429b-87ef-106fe94fb527,5AFAGU,m,39 weeks,en,,order2A,Y,Y,Y,EZ,,y,child fussed out of second half of trials,445,14.6,2,2,White,35-39,f,prof,120000,US,CT,suburban,2
CAT_222,1,1021c308-ca7f-481d-b446-fd5b9163b2f6,c82a1669-6a24-429b-87ef-106fe94fb527,YAC2SX,f,40 or more weeks,en,,order2B-locationflip,Y,Y,Y,EZ,,n,,429,14.1,1,2,"White, Hispanic, Latino, or Spanish origin",30-34,f,prof,50000,US,MI,suburban,2
CAT_222,2,efccb8bf-6440-4073-bcc6-d597a1f27e04,c82a1669-6a24-429b-87ef-106fe94fb527,YAC2SX,f,40 or more weeks,en,,order2A-locationflip,Y,Y,Y,EZ,,n,,431,14.2,1,2,"White, Hispanic, Latino, or Spanish origin",30-34,f,prof,50000,US,MI,suburban,2
CAT_222,3,64516e15-28cf-4c78-abb3-7feb1e8542d2,c82a1669-6a24-429b-87ef-106fe94fb527,YAC2SX,f,40 or more weeks,en,,order2B-locationflip,Y,Y,Y,NA,NA,NA,NA,505,16.6,1,2,"White, Hispanic, Latino, or Spanish origin",30-34,f,prof,50000,US,MI,suburban,2
CAT_223,1,ffb9394f-36b6-4bca-a28c-21b51dbc3528,c82a1669-6a24-429b-87ef-106fe94fb527,GAK76T,m,40 or more weeks,en es,,order1A-locationflip,Y,Y,Y,AR,,y,trial 14 ended early,431,14.2,1,2,White,35-39,f,prof,>200000,US,CA,suburban,9
CAT_223,2,fada88a3-80dd-4f7d-971a-42d681ded3c2,c82a1669-6a24-429b-87ef-106fe94fb527,GAK76T,m,40 or more weeks,en es,,order1B-locationflip,Y,Y,Y,AR,,n,,440,14.5,1,2,White,35-39,f,prof,>200000,US,CA,suburban,9
CAT_223,3,bab82d7d-ced3-458b-8aae-7b094a404271,c82a1669-6a24-429b-87ef-106fe94fb527,GAK76T,m,40 or more weeks,en es,,order1A-locationflip,Y,Y,Y,NA,NA,NA,NA,480,15.8,1,2,White,35-39,f,prof,>200000,US,CA,suburban,9
CAT_224,1,034920a5-3a3f-4d5e-affc-08ef4bef6ae4,c82a1669-6a24-429b-87ef-106fe94fb527,U3QCRT,m,38 weeks,en,,order1A,Y,Y,N,AR,,n,"video quality is poor, child changed positions a lot",532,17.5,3,2,White,35-39,f,prof,120000,US,IL,suburban,7
CAT_224,2,49de7393-9635-459c-a675-ae0a3730546d,c82a1669-6a24-429b-87ef-106fe94fb527,U3QCRT,m,38 weeks,en,,order1B,Y,Y,N,AR,,n,"child inattentive throughout and fussed out at very end, trial 29 ended early",539,17.7,3,2,White,35-39,f,prof,120000,US,IL,suburban,7
CAT_225,1,14c7c2b3-7677-48e6-bbc1-dfe2623ac486,c82a1669-6a24-429b-87ef-106fe94fb527,RJNcQG,f,38 weeks,en so,,order1B-locationflip,Y,Y,Y,AR,,n,,560,18.4,2,2,"Hispanic, Latino, or Spanish origin",35-39,f,bach,40000,US,TX,suburban,5
CAT_225,2,90947a49-fc6d-4d3f-bdfc-a51324c7ff25,c82a1669-6a24-429b-87ef-106fe94fb527,RJNcQG,f,38 weeks,en so,,order1A-locationflip,Y,Y,Y,AR,,n,,565,18.6,2,2,"Hispanic, Latino, or Spanish origin",35-39,f,bach,40000,US,TX,suburban,5
CAT_226,1,ba8ba817-e380-4e8f-8b82-4f1fad3f81c9,c82a1669-6a24-429b-87ef-106fe94fb527,7Y44HR,m,40 or more weeks,en,,order1B,Y,Y,Y,AR,,n,,550,18.1,1,2,White,35-39,f,grad,>200000,US,CA,urban,4
CAT_226,2,aa88891e-affe-4f4b-802c-ddedda46b384,c82a1669-6a24-429b-87ef-106fe94fb527,7Y44HR,m,40 or more weeks,en,,order1A,Y,Y,Y,AR,,n,child fussed out at the very end,554,18.2,1,2,White,35-39,f,grad,>200000,US,CA,urban,4
CAT_227,1,d1259fa7-2907-4cf6-9c07-c98b68ff4970,c82a1669-6a24-429b-87ef-106fe94fb527,NSRAU7,m,40 or more weeks,en,,order2B,Y,N,N,EC,,n,child attentive and eyes very easy to see,540,17.7,2,2,White,35-39,f,bach,30000,US,PA,suburban,NA
CAT_228,1,3e689ac9-bf34-4de2-9b43-e079719511f9,c82a1669-6a24-429b-87ef-106fe94fb527,YFKM7Z,m,40 or more weeks,en so,,order1B,Y,N,N,EC,,y,no usuable trials + stopped after trial 3,463,15.2,2,2,"White, Hispanic, Latino, or Spanish origin",30-34,f,bach,90000,US,KS,suburban,NA
CAT_229,1,ffb0b9db-5ad6-4bc9-9f6a-2ef32c019964,c82a1669-6a24-429b-87ef-106fe94fb527,DGX3LN,m,38 weeks,en gu,,order1A-locationflip,Y,N,N,EC,,n,child squirmy but attentive; parent not in camera view during study itself,545,17.9,1,2,"White, Asian",35-39,f,prof,100000,CA,NA,urban,NA
CAT_230,1,d89041be-8037-46f0-9ba4-dbec164ff4c6,c82a1669-6a24-429b-87ef-106fe94fb527,F4TGQZ,f,39 weeks,en,,order2A,Y,Y,Y,EZ,,n,,476,15.6,1,2,White,30-34,f,prof,>200000,US,PA,suburban,16
CAT_230,2,8f4be160-4142-4722-bd75-162994025ae8,c82a1669-6a24-429b-87ef-106fe94fb527,F4TGQZ,f,39 weeks,en,,order2B,Y,Y,Y,EZ,,n,squirmy but fine,492,16.2,1,2,White,30-34,f,prof,>200000,US,PA,suburban,16
CAT_231,1,78a579b3-51e2-4faf-b4fd-ae581244daa6,c82a1669-6a24-429b-87ef-106fe94fb527,ZTSHL3,m,38 weeks,en,,order2B,Y,Y,Y,VU,HW,,,422,13.9,2,2,White,30-34,f,prof,100000,US,UT,suburban,6
CAT_231,2,3e271905-fd0e-4273-84bf-05e7f86a7322,c82a1669-6a24-429b-87ef-106fe94fb527,ZTSHL3,m,38 weeks,en,,order2A,Y,Y,Y,VU,,n,"child was good overall, far away from camera",428,14.1,2,2,White,30-34,f,prof,100000,US,UT,suburban,6
CAT_232,1,4c108ae0-ba02-429e-a46a-1b4fe76c2136,c82a1669-6a24-429b-87ef-106fe94fb527,J5EZVL,m,38 weeks,en fr,,order2A,Y,N,N,EZ,,y,video pixelated frequently,718,23.6,1,2,White,30-34,f,prof,>200000,US,NY,urban,NA
CAT_233,1,05261b42-5cee-4312-b268-6d9f4b1434db,c82a1669-6a24-429b-87ef-106fe94fb527,SF3JXR,m,39 weeks,en ro,,order1B,Y,Y,Y,VU,,y,,484,15.9,1,2,"Another race, ethnicity, or origin",35-39,f,bach,NA,US,NY,urban,2
CAT_233,2,db946d4a-4aa0-4560-92db-f68a98acddc6,c82a1669-6a24-429b-87ef-106fe94fb527,SF3JXR,m,39 weeks,en ro,,order1A,Y,Y,Y,VU,,n,,486,16,1,2,"Another race, ethnicity, or origin",35-39,f,bach,NA,US,NY,urban,2
CAT_234,1,d2dd1636-389c-49a5-b54c-267514b5240a,c82a1669-6a24-429b-87ef-106fe94fb527,E7NDZK,m,39 weeks,en,,order1B-locationflip,Y,Y,Y,JB,,y,"Mom had to find a charger, so a large portion child was off screen ",441,14.5,2,2,White,25-29,f,bach,50000,US,IN,urban,1
CAT_234,2,62b9e699-ef5b-4b89-842c-bde4e304bb89,c82a1669-6a24-429b-87ef-106fe94fb527,E7NDZK,m,39 weeks,en,,order1A-locationflip,Y,Y,Y,JB,,n,,442,14.5,2,2,White,25-29,f,bach,50000,US,IN,urban,1
CAT_235,1,898d7b26-f328-4cfe-aa7d-7dd1b2eca91a,c82a1669-6a24-429b-87ef-106fe94fb527,B2AEH2,f,40 or more weeks,en,,order1A-locationflip,Y,Y,N,EZ,,n,"child got very close to the screen for a few trials at the end, obstructed the eyes at some parts",527,17.3,2,2,"White, Hispanic, Latino, or Spanish origin",25-29,f,bach,30000,US,UT,suburban,16
CAT_235,2,0824798b-c932-495c-8e76-0c6c23170a55,c82a1669-6a24-429b-87ef-106fe94fb527,B2AEH2,f,40 or more weeks,en,,order1B-locationflip,Y,Y,N,EZ,,n,,543,17.8,2,2,"White, Hispanic, Latino, or Spanish origin",25-29,f,bach,30000,US,UT,suburban,16
CAT_236,1,3416d696-31c8-4a81-bf5d-8894f735016a,c82a1669-6a24-429b-87ef-106fe94fb527,YLF226,m,39 weeks,en,,order2A-locationflip,Y,Y,Y,JB,,n,"Child was very attentive untill trial 25, got sleepy",539,17.7,3,2,"Hispanic, Latino, or Spanish origin, Asian",40-44,f,bach,>200000,US,FL,urban,5
CAT_236,2,a17bc4f9-aaeb-405f-b2e8-0bcba7136952,c82a1669-6a24-429b-87ef-106fe94fb527,YLF226,m,39 weeks,en,,order2B-locationflip,Y,Y,Y,JB,,n,"Attentive until trial 25, then inattentive ",544,17.9,3,2,"Hispanic, Latino, or Spanish origin, Asian",40-44,f,bach,>200000,US,FL,urban,5
CAT_237,1,166ea9a2-b807-47c8-bcbe-035b64830080,c82a1669-6a24-429b-87ef-106fe94fb527,FLREdC,f,40 or more weeks,en,,order2A,Y,Y,Y,EZ,,n,another child visible in the background for trials 3 and 4,529,17.4,4,2,"White, Black or African American",35-39,f,bach,130000,US,TX,suburban,6
CAT_237,2,55d6f260-0c4c-40bd-8fcd-2ee3bcf80952,c82a1669-6a24-429b-87ef-106fe94fb527,FLREdC,f,40 or more weeks,en,,order2B,Y,Y,Y,EZ,,n,,535,17.6,4,2,"White, Black or African American",35-39,f,bach,130000,US,TX,suburban,6
CAT_238,1,ab73fb0c-cccf-4089-ab93-aa35e8215c6c,c82a1669-6a24-429b-87ef-106fe94fb527,FdcMEP,f,39 weeks,en,,order1B,Y,N,Y,EC,,n,"very attentive, eyes easy to see, and sat thorugh entire video!",464,15.2,2,2,White,30-34,f,prof,>200000,US,NC,urban,NA
CAT_239,1,fd7a95d1-193d-400a-b0a0-d2d5e8418ba7,c82a1669-6a24-429b-87ef-106fe94fb527,c63RPB,f,38 weeks,en,,order1A-locationflip,Y,Y,Y,EZ,,y,trials ended at 22,442,14.5,2,2,"White, Black or African American",35-39,f,prof,90000,US,MO,urban,1
CAT_239,2,5247ac7c-c545-4e29-a5a4-aba515cfb7d2,c82a1669-6a24-429b-87ef-106fe94fb527,c63RPB,f,38 weeks,en,,order1B-locationflip,Y,Y,Y,EZ,,y,"child's eyes were VERY hard to see, trials ended at 24",443,14.6,2,2,"White, Black or African American",35-39,f,prof,90000,US,MO,urban,1
CAT_240,1,245b410d-cd0e-431a-9324-7b5599d3522d,c82a1669-6a24-429b-87ef-106fe94fb527,cWNXT5,m,39 weeks,en,,order2B-locationflip,Y,Y,Y,EZ,,,only 5 trials present in the video,427,14,1,2,White,25-29,f,prof,130000,US,NY,suburban,6
CAT_240,2,60f4972c-d6fe-4eda-ad8d-74c67b13bcb5,c82a1669-6a24-429b-87ef-106fe94fb527,cWNXT5,m,39 weeks,en,,order2A-locationflip,Y,Y,Y,EZ,,n,child was shirtless,433,14.2,1,2,White,25-29,f,prof,130000,US,NY,suburban,6
CAT_241,1,db3671f7-866f-4dea-ae5c-429e1c859973,c82a1669-6a24-429b-87ef-106fe94fb527,VLUPV4,m,39 weeks,en,,order1A,Y,N,N,CS,,n,,411,13.5,1,2,White,25-29,f,prof,80000,US,MA,suburban,NA
CAT_242,1,902dcd53-dad3-47d1-9798-472dbcfd5309,c82a1669-6a24-429b-87ef-106fe94fb527,HK3YPS,f,39 weeks,en ro,,order2A-locationflip,Y,Y,Y,NA,NA,NA,NA,450,14.8,3,2,White,30-34,f,bach,70000,US,UT,suburban,6
CAT_242,2,5c44b3e4-72a6-4530-9053-2b058fdb80da,c82a1669-6a24-429b-87ef-106fe94fb527,HK3YPS,f,39 weeks,en ro,,order2B-locationflip,Y,Y,Y,EZ,,n,fussed out of most of the second half but there should be enough usable trials,456,15,3,2,White,30-34,f,bach,70000,US,UT,suburban,6
CAT_243,1,5b464b9c-d983-41fa-81e5-e69d6e81897b,c82a1669-6a24-429b-87ef-106fe94fb527,3ddLQX,m,39 weeks,en so,,order2B-locationflip,Y,Y,Y,AR,,n,,532,17.5,1,2,White,45-49,f,bach,120000,US,WI,suburban,5
CAT_243,2,96109c37-e07d-48a4-8ba0-fb9e9a18ec8c,c82a1669-6a24-429b-87ef-106fe94fb527,3ddLQX,m,39 weeks,en so,,order2A-locationflip,Y,Y,Y,AR,,n,,537,17.6,1,2,White,45-49,f,bach,120000,US,WI,suburban,5
CAT_244,1,6ff17a71-1f9a-4bc2-a5b2-16bbf6119f96,c82a1669-6a24-429b-87ef-106fe94fb527,U5A3YV,f,39 weeks,en fr pl,,order1A,Y,Y,Y,EZ,,y,,455,14.9,2,2,White,35-39,f,prof,90000,US,MA,urban,6
CAT_244,2,b36e646e-729f-48b7-844b-8d5113bb6e1f,c82a1669-6a24-429b-87ef-106fe94fb527,U5A3YV,f,39 weeks,en fr pl,,order1B,Y,Y,Y,EZ,,y,"hard to see eyes, blurry/poor lighting",461,15.1,2,2,White,35-39,f,prof,90000,US,MA,urban,6
CAT_245,1,ede7d4cc-6081-4485-a15d-6c3b7da98d1d,c82a1669-6a24-429b-87ef-106fe94fb527,QDQMP7,f,37 weeks,en,,order1B,Y,Y,Y,AR,,n,ended early at trial 17,434,14.3,1,2,White,30-34,f,bach,90000,US,PA,urban,5
CAT_245,2,60d632ef-33e7-4cfc-baf7-c3e2206a17bd,c82a1669-6a24-429b-87ef-106fe94fb527,QDQMP7,f,37 weeks,en,,order1A,Y,Y,Y,AR,,n,ended early at trial 9; inattentive for several trials,439,14.4,1,2,White,30-34,f,bach,90000,US,PA,urban,5
CAT_245,3,b9bb2931-94e3-485c-9632-b6a37e9893a0,c82a1669-6a24-429b-87ef-106fe94fb527,QDQMP7,f,37 weeks,en,,order1B,Y,Y,Y,NA,NA,NA,NA,526,17.3,1,2,White,30-34,f,bach,90000,US,PA,urban,5
CAT_246,1,9f8256e9-afe3-4adb-b84a-6f7e927dc145,c82a1669-6a24-429b-87ef-106fe94fb527,5RV7NQ,f,40 or more weeks,en,,order1A-locationflip,Y,Y,N,JB,,n,Very Attentive,478,15.7,2,2,White,25-29,f,bach,80000,US,NC,suburban,15
CAT_246,2,2a30ea5d-6fc6-4850-a274-439e1d1bc3dd,c82a1669-6a24-429b-87ef-106fe94fb527,5RV7NQ,f,40 or more weeks,en,,order1B-locationflip,Y,Y,N,JB,,n,Very Attentive,493,16.2,2,2,White,25-29,f,bach,80000,US,NC,suburban,15
CAT_247,1,f6056b44-f60e-435c-a233-6bff4cd19d14,c82a1669-6a24-429b-87ef-106fe94fb527,XYTYB7,m,39 weeks,en,,order2A,Y,Y,Y,VU,,n,child was fussy in several trials; a few trials were missing,426,14,1,2,White,25-29,f,prof,>200000,US,OH,rural,9
CAT_247,2,b04d4f80-5911-408f-a310-126fde1cfdec,c82a1669-6a24-429b-87ef-106fe94fb527,XYTYB7,m,39 weeks,en,,order2B,Y,Y,Y,VU,,n,video quality is really bad. trial 1 not present; child is pretty fussy,435,14.3,1,2,White,25-29,f,prof,>200000,US,OH,rural,9
CAT_248,1,9d153590-9c53-4cec-863f-d17a08061ccf,c82a1669-6a24-429b-87ef-106fe94fb527,VQ6DZK,m,39 weeks,en,,order2B,Y,Y,Y,AR,,n,,410,13.5,1,2,"White, Black or African American",35-39,f,prof,>200000,US,SC,urban,8
CAT_248,2,b7a3fd0c-30d9-46b2-87e6-b321017f1fb2,c82a1669-6a24-429b-87ef-106fe94fb527,VQ6DZK,m,39 weeks,en,,order2A,Y,Y,Y,EC,,n,slightly pixelation during eye movement at times but baby was very attentive,418,13.7,1,2,"White, Black or African American",35-39,f,prof,>200000,US,SC,urban,8
CAT_249,1,63dbffe4-6d63-4c0d-b152-dbf57b590af3,c82a1669-6a24-429b-87ef-106fe94fb527,FJCGUG,f,40 or more weeks,en,,order2A,Y,N,N,EZ,,n,pixelated video and child was far away from the computer; hard to code,540,17.7,1,2,White,30-34,f,grad,20000,US,NJ,suburban,NA
CAT_250,1,c912d39e-323f-471f-99d9-0ae7678cac29,c82a1669-6a24-429b-87ef-106fe94fb527,Y7ER5T,f,39 weeks,en,,order2A-locationflip,Y,N,N,SL,,n,"child is naked though? I don<d5>t know if that matters. Also camera because blurry and unfocused multiple times. I was still able to track babies eyes, but just wanted to let you know that about half the trials were blurry. ",538,17.7,2,2,White,30-34,f,col,30000,US,OK,suburban,NA
CAT_251,1,c741b6d4-060b-4667-886f-a6abc1c23ce7,c82a1669-6a24-429b-87ef-106fe94fb527,TcRQLA,f,40 or more weeks,en,,order2A-locationflip,Y,Y,Y,VU,,y,child was squirmy,572,18.8,3,2,White,25-29,f,bach,70000,US,CO,suburban,2
CAT_251,2,bcb124ce-278d-4955-be95-7ff23d3c0edd,c82a1669-6a24-429b-87ef-106fe94fb527,TcRQLA,f,40 or more weeks,en,,order2B-locationflip,Y,Y,Y,VU,,y,child was good at first; squirmy by the end,574,18.9,3,2,White,25-29,f,bach,70000,US,CO,suburban,2
CAT_252,1,5c9b877c-81a3-4c70-9923-713541a882b0,c82a1669-6a24-429b-87ef-106fe94fb527,dXJAGX,f,40 or more weeks,en,,order2B-locationflip,Y,Y,Y,SL,,y,attentive but video quality extremely poor,527,17.3,2,2,"White, Middle Eastern or North African",35-39,f,prof,>200000,US,CA,suburban,2
CAT_252,2,11fe7c8b-9dc0-4ad1-aec6-d96687d129f0,c82a1669-6a24-429b-87ef-106fe94fb527,dXJAGX,f,40 or more weeks,en,,order2A-locationflip,Y,Y,Y,SL,,n,good!!,529,17.4,2,2,"White, Middle Eastern or North African",35-39,f,prof,>200000,US,CA,suburban,2
CAT_253,1,4a1c0cd0-8d25-4cd2-89df-852be98e0f13,c82a1669-6a24-429b-87ef-106fe94fb527,WGGMdS,f,39 weeks,en,,order2A-locationflip,Y,Y,Y,SL,,n,"camera and lighting poor, but kiddo was attentive the whole time",482,15.8,2,2,White,25-29,f,bach,70000,US,MA,suburban,6
CAT_253,2,479607e8-498d-4262-ae1a-8b32c25e07dd,c82a1669-6a24-429b-87ef-106fe94fb527,WGGMdS,f,39 weeks,en,,order2B-locationflip,Y,Y,Y,SL,,n,attentive!!,488,16,2,2,White,25-29,f,bach,70000,US,MA,suburban,6
CAT_254,1,fd4780d4-82c5-4fe0-8db9-a259204cd37e,c82a1669-6a24-429b-87ef-106fe94fb527,UUFFCQ,f,40 or more weeks,en,,order2B-locationflip,Y,N,N,CS,,y,,527,17.3,1,2,"White, Black or African American",30-34,f,prof,50000,US,IL,urban,NA
CAT_255,1,f2c42561-9ade-4bec-bf31-eb2b0f4a1695,c82a1669-6a24-429b-87ef-106fe94fb527,4ZM7UC,m,40 or more weeks,en id,,order2A-locationflip,Y,Y,Y,SL,,n,"child only made it through trial 13, then fussed out",427,14,1,2,"Asian, Middle Eastern or North African",30-34,f,bach,>200000,US,CA,suburban,6
CAT_255,2,ae3f1dd3-47d3-4d38-9e78-367a9ed770ec,c82a1669-6a24-429b-87ef-106fe94fb527,4ZM7UC,m,40 or more weeks,en id,,order2B-locationflip,Y,Y,Y,SL,,n,trial ended at 26,433,14.2,1,2,"Asian, Middle Eastern or North African",30-34,f,bach,>200000,US,CA,suburban,6
CAT_256,1,82748fd4-a2e3-4c6a-9836-5e0fdc0c1de1,c82a1669-6a24-429b-87ef-106fe94fb527,T53EZc,f,40 or more weeks,en so,,order1B,Y,Y,Y,EC,,n,attentive but fidgety with some camera blurring making it difficult to see eyes at times,442,14.5,1,2,"White, Hispanic, Latino, or Spanish origin",25-29,f,prof,120000,US,MA,suburban,8
CAT_256,2,03bd608a-43c8-402c-acb2-32947b596f64,c82a1669-6a24-429b-87ef-106fe94fb527,T53EZc,f,40 or more weeks,en so,,order1A,Y,Y,Y,EC,,n,"trial 20-26 appear to be unusuable, generally attentive but fidgety",450,14.8,1,2,"White, Hispanic, Latino, or Spanish origin",25-29,f,prof,120000,US,MA,suburban,8
CAT_257,1,949659c4-cf33-4920-ac15-2611522a90ab,c82a1669-6a24-429b-87ef-106fe94fb527,A6JPUE,m,38 weeks,en,,order1B-locationflip,Y,Y,Y,EC,,y,stopped at trial 23 with the previous 5 trials with the exception of 22 unable to be coded,439,14.4,2,2,"White, Hispanic, Latino, or Spanish origin",25-29,f,prof,80000,US,PA,rural,5
CAT_257,2,427823f3-3466-41e6-b4b4-3c955aab2eb7,c82a1669-6a24-429b-87ef-106fe94fb527,A6JPUE,m,38 weeks,en,,order1A-locationflip,Y,Y,Y,EC,,y,stopped at trial 17 with 16 being unusable,444,14.6,2,2,"White, Hispanic, Latino, or Spanish origin",25-29,f,prof,80000,US,PA,rural,5
CAT_257,3,065fef9a-47ef-4b59-bf35-9c2e31d624a9,c82a1669-6a24-429b-87ef-106fe94fb527,A6JPUE,m,38 weeks,en,,order1B-locationflip,Y,Y,Y,NA,NA,NA,NA,523,17.2,2,2,"White, Hispanic, Latino, or Spanish origin",25-29,f,prof,80000,US,PA,rural,5
CAT_258,1,681f27a0-867d-4c73-a29f-c4c554077497,c82a1669-6a24-429b-87ef-106fe94fb527,EKQTJM,f,39 weeks,en,,order2B,Y,Y,Y,EZ,,y,pixelation and lighting made trials 6-9 and 18 and 19 rather difficult to see the eyes,426,14,1,2,White,35-39,f,prof,150000,US,MN,suburban,7
CAT_258,2,1c061b0d-55a8-4b16-9e4b-7e530fb45fd7,c82a1669-6a24-429b-87ef-106fe94fb527,EKQTJM,f,39 weeks,en,,order2A,Y,Y,Y,EZ,,n,"child's eyes were obstructed for the entire second half of the video, often cut off throughout trials in the first half as well",433,14.2,1,2,White,35-39,f,prof,150000,US,MN,suburban,7
CAT_259,1,f1ca5e54-3fb1-4056-ba80-08337106a271,c82a1669-6a24-429b-87ef-106fe94fb527,R6c5BV,f,39 weeks,en,,order1A-locationflip,Y,N,N,EC,,y,only sat through five trials,547,18,3,2,White,35-39,f,prof,>200000,US,IL,suburban,NA
CAT_260,1,acc5a1a4-0c72-4279-be96-44f3188c1720,c82a1669-6a24-429b-87ef-106fe94fb527,YES575,m,38 weeks,en,,order2B,Y,Y,Y,EZ,,y,"fussy in the second half, trial 29 was much shorter than the rest",427,14,3,2,White,25-29,f,assoc,40000,US,OH,suburban,2
CAT_260,2,8eedb1bb-a577-4958-bc5d-f462f48537f1,c82a1669-6a24-429b-87ef-106fe94fb527,YES575,m,38 weeks,en,,order2A,Y,Y,Y,EZ,,y,trial 29 was much shorter than the rest,429,14.1,3,2,White,25-29,f,assoc,40000,US,OH,suburban,2
CAT_260,3,c79c1b70-42c6-423d-967a-caa8cb1ced22,c82a1669-6a24-429b-87ef-106fe94fb527,YES575,m,38 weeks,en,,order2B,Y,Y,Y,NA,NA,NA,NA,491,16.1,3,2,White,25-29,f,assoc,40000,US,OH,suburban,2
CAT_261,1,fde3e874-760d-4511-ba4a-fc811da85e73,c82a1669-6a24-429b-87ef-106fe94fb527,M3cXTE,f,40 or more weeks,en,,order1A,Y,Y,Y,EC,,n,quite attentive and all trials were able to be coded - blurry camera at times,410,13.5,1,2,White,35-39,f,prof,150000,US,IL,suburban,2
CAT_261,2,59a2ad52-84d4-4d22-9a6c-fafb184401ce,c82a1669-6a24-429b-87ef-106fe94fb527,M3cXTE,f,40 or more weeks,en,,order1B,Y,Y,Y,EC,,n,very attentive overal; in many trials around five seconds baby looks up at parent,412,13.5,1,2,White,35-39,f,prof,150000,US,IL,suburban,2
CAT_262,1,9197a49c-6319-4de8-8bd0-7721a12ee7ca,c82a1669-6a24-429b-87ef-106fe94fb527,HAPGE2,f,40 or more weeks,en,,order1B-locationflip,Y,Y,Y,CS,SL,y,,454,14.9,1,2,White,25-29,f,grad,110000,US,FL,suburban,7
CAT_262,2,f3afdddc-ec80-46d0-9f17-93c769dbc0ad,c82a1669-6a24-429b-87ef-106fe94fb527,HAPGE2,f,40 or more weeks,en,,order1A-locationflip,Y,Y,Y,CS,,n,,461,15.1,1,2,White,25-29,f,grad,110000,US,FL,suburban,7
CAT_263,1,2aa3d47b-2ac8-4630-8ec5-ff024c0a6260,c82a1669-6a24-429b-87ef-106fe94fb527,6LZENL,f,40 or more weeks,en km so,,order2A-locationflip,Y,Y,Y,VU,,n,"Trial 7 is ~21 seconds long. We have coded the entire trial, but the trial onset according to the lookitlog starts at ~14 s (listened to individual trial video and that lines up from the audio track). So the trial onset should be later, but not sure what that looks like from the actual coding perspective. Good baby to use for presentations!",537,17.6,2,2,"Hispanic, Latino, or Spanish origin, Asian",25-29,f,bach,70000,US,NY,urban,4
CAT_263,2,2bfa05d1-15ce-4c1f-a8ab-69daaf4436a6,c82a1669-6a24-429b-87ef-106fe94fb527,6LZENL,f,40 or more weeks,en km so,,order2B-locationflip,Y,Y,Y,VU,,y,child's whites in their eyes were hard to see for a few frames in a couple trials,541,17.8,2,2,"Hispanic, Latino, or Spanish origin, Asian",25-29,f,bach,70000,US,NY,urban,4
CAT_264,1,4ac87dc9-d521-4d53-ac26-9c0425b2d5df,c82a1669-6a24-429b-87ef-106fe94fb527,CHUGRL,f,38 weeks,en he,,order1A-locationflip,Y,Y,Y,NA,NA,NA,NA,418,13.7,2,2,Asian,22-24,f,prof,10000,NA,NA,urban,16
CAT_264,2,3de28ba4-7961-4a6c-ae60-1707dfcaf50f,c82a1669-6a24-429b-87ef-106fe94fb527,CHUGRL,f,38 weeks,en he,,order1B-locationflip,Y,Y,Y,NA,NA,NA,NA,434,14.3,2,2,Asian,22-24,f,prof,10000,NA,NA,urban,16
CAT_265,1,0ca8e06e-9665-42f2-baac-578ee5815269,c82a1669-6a24-429b-87ef-106fe94fb527,EKS5AP,f,39 weeks,en,,order1B-locationflip,Y,Y,Y,VU,,n,,442,14.5,1,2,White,30-34,f,prof,100000,US,VA,rural,3
CAT_265,2,364d5aa2-bb8b-4ca9-b1e1-f68b17acffac,c82a1669-6a24-429b-87ef-106fe94fb527,EKS5AP,f,39 weeks,en,,order1A-locationflip,Y,Y,Y,VU,,n,,445,14.6,1,2,White,30-34,f,prof,100000,US,VA,rural,3
CAT_265,3,9ac02aa6-be7c-4831-911d-6cc602d4eb15,c82a1669-6a24-429b-87ef-106fe94fb527,EKS5AP,f,39 weeks,en,,order1B-locationflip,Y,Y,Y,NA,NA,NA,NA,508,16.7,1,2,White,30-34,f,prof,100000,US,VA,rural,3
CAT_266,1,8bf0eef6-e8b1-4c22-bd87-a266e1060343,c82a1669-6a24-429b-87ef-106fe94fb527,454E6d,f,40 or more weeks,en,,order2B-locationflip,Y,Y,Y,VU,,y,,440,14.5,1,2,White,30-34,f,col,60000,US,CA,suburban,4
CAT_266,2,8056d1ed-8a31-45d2-abcd-9348bdbe4eb6,c82a1669-6a24-429b-87ef-106fe94fb527,454E6d,f,40 or more weeks,en,,order2A-locationflip,Y,Y,Y,VU,,n,,444,14.6,1,2,White,30-34,f,col,60000,US,CA,suburban,4
CAT_267,1,72953e28-00d2-40be-9c33-4b2acb1719f3,c82a1669-6a24-429b-87ef-106fe94fb527,WFdPPY,m,40 or more weeks,en so,,order1B-locationflip,Y,Y,Y,EZ,,n,,514,16.9,2,2,White,30-34,f,prof,130000,US,WI,suburban,5
CAT_267,2,23f73dd3-8d2c-4fd7-9cb2-2bfcaa35304d,c82a1669-6a24-429b-87ef-106fe94fb527,WFdPPY,m,40 or more weeks,en so,,order1A-locationflip,Y,Y,Y,EZ,,n,,519,17,2,2,White,30-34,f,prof,130000,US,WI,suburban,5
CAT_268,1,2d5c237b-7d56-4af3-92eb-12f5b4d30450,c82a1669-6a24-429b-87ef-106fe94fb527,Tc3DFW,m,39 weeks,en,,order1B,Y,Y,Y,EZ,,n,,517,17,2,2,White,35-39,f,prof,>200000,US,CA,suburban,6
CAT_268,2,0454d697-0d19-47d1-a6d2-d6bfc18a7f18,c82a1669-6a24-429b-87ef-106fe94fb527,Tc3DFW,m,39 weeks,en,,order1A,Y,Y,Y,EZ,,y,,523,17.2,2,2,White,35-39,f,prof,>200000,US,CA,suburban,6
CAT_269,1,a0eb5942-7548-439e-b836-c4196c07d24f,c82a1669-6a24-429b-87ef-106fe94fb527,3MSUBG,m,37 weeks,en,,order1B-locationflip,Y,Y,Y,VU,,n,child was a bit inattentive towards the end; whites were hard to see in some trials,546,17.9,1,2,"White, Asian",<18,m,prof,>200000,US,NJ,suburban,13
CAT_269,2,b9285561-fd41-471e-84ed-d77a787e3a52,c82a1669-6a24-429b-87ef-106fe94fb527,3MSUBG,m,37 weeks,en,,order1A-locationflip,Y,Y,Y,VU,,y,child became a little restless towards the end,559,18.4,1,2,"White, Asian",<18,m,prof,>200000,US,NJ,suburban,13
CAT_270,1,09b50aa9-8ef9-4fa9-9fec-a44186f7a3e0,c82a1669-6a24-429b-87ef-106fe94fb527,Td5cMQ,f,38 weeks,en pl,,order1A,Y,Y,Y,HW,AR,n,,412,13.5,2,2,"Hispanic, Latino, or Spanish origin",30-34,f,bach,80000,US,IN,urban,7
CAT_270,2,7bda81d4-5594-4488-9a5a-0ad8601a63f9,c82a1669-6a24-429b-87ef-106fe94fb527,Td5cMQ,f,38 weeks,en pl,,order1B,Y,Y,Y,SL,,n,,419,13.8,2,2,"Hispanic, Latino, or Spanish origin",30-34,f,bach,80000,US,IN,urban,7
CAT_271,1,ec628588-119f-4021-9b78-575d17bca62b,c82a1669-6a24-429b-87ef-106fe94fb527,7ECV6E,m,40 or more weeks,en,,order2B-locationflip,Y,Y,Y,CS,,n,,422,13.9,1,3>,White,40-44,f,prof,120000,US,FL,suburban,9
CAT_271,2,9d65bef6-995e-499b-8a86-2a8e1c804ea5,c82a1669-6a24-429b-87ef-106fe94fb527,7ECV6E,m,40 or more weeks,en,,order2A-locationflip,Y,Y,Y,CS,,n,guardian watched some from other room,431,14.2,1,3>,White,40-44,f,prof,120000,US,FL,suburban,9
CAT_271,3,1a6fa32a-640e-4b1d-a8b4-8f54352bcb47,c82a1669-6a24-429b-87ef-106fe94fb527,7ECV6E,m,40 or more weeks,en,,order2B-locationflip,Y,Y,Y,NA,NA,NA,NA,484,15.9,1,3>,White,40-44,f,prof,120000,US,FL,suburban,9
CAT_272,1,0d515dbf-d17f-4fae-ada7-576449451f33,c82a1669-6a24-429b-87ef-106fe94fb527,G2Z43E,m,37 weeks,en,,order2A,Y,Y,Y,CS,,,prescreened out 20 trials,414,13.6,1,2,White,35-39,f,prof,120000,US,NY,urban,10
CAT_272,2,3d36431c-83a9-482e-a485-05ee73c961bf,c82a1669-6a24-429b-87ef-106fe94fb527,G2Z43E,m,37 weeks,en,,order2B,Y,Y,Y,CS,,,prescreened out 6 trials,424,13.9,1,2,White,35-39,f,prof,120000,US,NY,urban,10
CAT_273,1,cf866581-0faf-429e-8da5-839bf14070d3,c82a1669-6a24-429b-87ef-106fe94fb527,24B5GS,m,38 weeks,en su,,order1B-locationflip,Y,Y,Y,EZ,,n,coded,528,17.3,1,2,Asian,30-34,f,prof,120000,US,IL,urban,8
CAT_273,2,7c338063-f226-4f96-b7e4-3e0823514eea,c82a1669-6a24-429b-87ef-106fe94fb527,24B5GS,m,38 weeks,en su,,order1A-locationflip,Y,Y,Y,EZ,,y,coded,536,17.6,1,2,Asian,30-34,f,prof,120000,US,IL,urban,8
CAT_274,1,0a0556d2-cfaa-43be-b921-245cabe51223,c82a1669-6a24-429b-87ef-106fe94fb527,6JBUKY,f,40 or more weeks,en th,,order1B,Y,Y,Y,EC,,n,baby was attentive - lighting was very bright and obscured eyes at points,415,13.6,1,2,"White, Middle Eastern or North African",35-39,f,bach,15000,US,MA,suburban,9
CAT_274,2,40f6db64-7e48-48f3-b81e-09195a155a5f,c82a1669-6a24-429b-87ef-106fe94fb527,6JBUKY,f,40 or more weeks,en th,,order1A,Y,Y,Y,EC,,n,attentive baby with some camera blurring ,424,13.9,1,2,"White, Middle Eastern or North African",35-39,f,bach,15000,US,MA,suburban,9
CAT_274,3,56b55aae-8857-4c14-b256-30571e924bff,c82a1669-6a24-429b-87ef-106fe94fb527,6JBUKY,f,40 or more weeks,en th,,order1B,Y,Y,Y,NA,NA,NA,NA,462,15.2,1,2,"White, Middle Eastern or North African",35-39,f,bach,15000,US,MA,suburban,9
CAT_275,1,16c3b2c7-6d70-4013-975b-49d317c37187,c82a1669-6a24-429b-87ef-106fe94fb527,F6UPMc,m,37 weeks,en,,order2A,Y,Y,Y,EC,,n,parent's eyes closed during usuable trials; fidgety baby but pretty attentive overall,470,15.4,2,2,White,30-34,f,bach,150000,US,VA,urban,12
CAT_275,2,21bbe06a-6d36-47bd-862d-9ff9bb870010,c82a1669-6a24-429b-87ef-106fe94fb527,F6UPMc,m,37 weeks,en,,order2B,Y,Y,Y,EC,,n,trials 26 to 29 unusuable due to inattentive baby,482,15.8,2,2,White,30-34,f,bach,150000,US,VA,urban,12
CAT_276,1,15a0b5b9-6650-42a3-bb7b-ae89ea5c65ea,c82a1669-6a24-429b-87ef-106fe94fb527,R4ASPF,m,38 weeks,en,,order2B,Y,N,N,EC,,n,"super cute baby, extremely inattentive - had to prescreen out a bunch of trials",539,17.7,2,2,Black or African American,35-39,f,assoc,40000,US,SC,suburban,NA
CAT_277,1,4e15b9e0-1202-40cc-8066-4402f5d34f46,c82a1669-6a24-429b-87ef-106fe94fb527,TAL6CV,f,Not sure or prefer not to answer,en,,order2B,Y,Y,N,EC,,y,baby was very engaged and so cute! Parent was laughing with baby throughout the entire video; prescreened out four trials due to inattentiveness and later due to baby falling from chair,444,14.6,3,2,Asian,35-39,f,bach,150000,US,CA,suburban,5
CAT_277,2,c1e3286b-22dd-4406-bfd0-80a56f837ddf,c82a1669-6a24-429b-87ef-106fe94fb527,TAL6CV,f,Not sure or prefer not to answer,en,,order2A,Y,Y,N,EC,,y,a couple of trials needed to be prescreened out but overall very engaged. parent's eyes were open and younger sibling was in the frame at points,449,14.8,3,2,Asian,35-39,f,bach,150000,US,CA,suburban,5
CAT_278,1,4668376b-ffc0-4be9-95d0-df3c0d8afeb2,c82a1669-6a24-429b-87ef-106fe94fb527,5ZMXDT,f,40 or more weeks,en,,order1A,Y,Y,Y,CS,,y,,436,14.3,1,2,"White, Black or African American, Middle Eastern or North African",25-29,f,bach,50000,US,NJ,suburban,7
CAT_278,2,90491247-8eb9-407a-9092-2aacdee31a6a,c82a1669-6a24-429b-87ef-106fe94fb527,5ZMXDT,f,40 or more weeks,en,,order1B,Y,Y,Y,CS,,n,"frequent pixelation, parent readjusts computer and child at the beginning (trial 3 ends early), parent never in video",443,14.6,1,2,"White, Black or African American, Middle Eastern or North African",25-29,f,bach,50000,US,NJ,suburban,7
CAT_279,1,54f7b76b-2420-42dd-99bf-5660cbb31793,c82a1669-6a24-429b-87ef-106fe94fb527,6JPGXQ,m,39 weeks,en,,order2A-locationflip,Y,Y,Y,NA,NA,NA,NA,430,14.1,2,2,White,35-39,f,prof,>200000,US,NJ,urban,8
CAT_279,2,1cf4304e-688f-461c-bc52-544cf00ffd07,c82a1669-6a24-429b-87ef-106fe94fb527,6JPGXQ,m,39 weeks,en,,order2B-locationflip,Y,Y,Y,CS,,n,innatentive trials 21-29,438,14.4,2,2,White,35-39,f,prof,>200000,US,NJ,urban,8
CAT_280,1,3e9eca9b-b550-47ec-8e4b-4a0112fb9049,c82a1669-6a24-429b-87ef-106fe94fb527,3CLGLQ,m,39 weeks,en so,,order2B-locationflip,Y,N,N,EC,,n,very bad video quality but can see eyes throughout; prescreened out 9 and 27,530,17.4,3,2,"White, Hispanic, Latino, or Spanish origin",30-34,f,bach,100000,US,TN,rural,NA
CAT_281,1,7358ad60-106e-4b67-b119-ce12d011fc68,c82a1669-6a24-429b-87ef-106fe94fb527,WJ666U,f,39 weeks,en ml,,order2B,Y,Y,Y,CS,,y,Some skips in videos after first frame of trials,438,14.4,1,2,Asian,35-39,f,bach,>200000,US,CA,suburban,5
CAT_281,2,b2bd0c77-2be4-4ab0-b9fe-67e3e2c214b8,c82a1669-6a24-429b-87ef-106fe94fb527,WJ666U,f,39 weeks,en ml,,order2A,Y,Y,Y,CS,,y,,443,14.6,1,2,Asian,35-39,f,bach,>200000,US,CA,suburban,5
CAT_282,1,e785eda7-343b-46e1-89a9-846e6932469e,c82a1669-6a24-429b-87ef-106fe94fb527,MQV6E5,f,39 weeks,en,,order2B,Y,Y,Y,CS,,,Stopped at end of trial 27,411,13.5,2,2,White,25-29,f,prof,80000,US,KY,NA,2
CAT_282,2,35fd9de1-ffde-4747-88e7-f5e7433767e4,c82a1669-6a24-429b-87ef-106fe94fb527,MQV6E5,f,39 weeks,en,,order2A,Y,Y,Y,SL,CS,n,"stopped at trial 21, kiddo fussed after 16",413,13.6,2,2,White,25-29,f,prof,80000,US,KY,NA,2
CAT_283,1,16f6b72b-c3d5-4236-a428-cac758a47e36,c82a1669-6a24-429b-87ef-106fe94fb527,cGXPW5,m,37 weeks,en,,order2A-locationflip,Y,Y,Y,SL,,n,,428,14.1,2,2,White,35-39,f,prof,170000,US,CA,suburban,9
CAT_283,2,deb90fea-f5b8-4407-84c0-07504eb2cbd3,c82a1669-6a24-429b-87ef-106fe94fb527,cGXPW5,m,37 weeks,en,,order2B-locationflip,Y,Y,Y,SL,,n,child super inattentive in middle (stares at the middle of screen for most trials),437,14.4,2,2,White,35-39,f,prof,170000,US,CA,suburban,9
CAT_284,1,34f17fb1-dceb-41da-8bf6-3b6ea56b6214,c82a1669-6a24-429b-87ef-106fe94fb527,DVWd7W,f,39 weeks,en,,order1A-locationflip,Y,Y,Y,CS,,y,,416,13.7,1,2,White,30-34,f,prof,190000,US,IL,suburban,4
CAT_284,2,6dfee408-5db2-417e-b7c7-532a5d910839,c82a1669-6a24-429b-87ef-106fe94fb527,DVWd7W,f,39 weeks,en,,order1B-locationflip,Y,Y,Y,CS,,n,,420,13.8,1,2,White,30-34,f,prof,190000,US,IL,suburban,4
CAT_285,1,5a4cca76-a613-4ef5-aeb6-ebdddd2d6968,c82a1669-6a24-429b-87ef-106fe94fb527,dHQDSU,f,40 or more weeks,en,,order1A,Y,Y,Y,CS,,y,"17 unusable trials, parent talks a lot (may have talked in trila 9 too, but hard to tell), still coded usuable trials because session 2 was okay",410,13.5,3,2,White,30-34,f,bach,40000,US,DE,suburban,1
CAT_285,2,aadaaace-9386-4b9b-bcc4-2c02f73948e0,c82a1669-6a24-429b-87ef-106fe94fb527,dHQDSU,f,40 or more weeks,en,,order1B,Y,Y,Y,CS,,n,,411,13.5,3,2,White,30-34,f,bach,40000,US,DE,suburban,1
CAT_286,1,89eefa17-e23e-43f9-a339-5a8573c64413,c82a1669-6a24-429b-87ef-106fe94fb527,XNNUVc,m,37 weeks,en,,order2A-locationflip,Y,Y,Y,CS,,n,"parent not with child, started to fuss out around trail 21 again",483,15.9,1,1,White,35-39,f,grad,15000,US,NY,rural,2
CAT_286,2,ef4be662-d962-45d7-85b5-23942a54a910,c82a1669-6a24-429b-87ef-106fe94fb527,XNNUVc,m,37 weeks,en,,order2B-locationflip,Y,Y,Y,CS,,n,"parent not with child, started to fuss out around trail 21",485,15.9,1,1,White,35-39,f,grad,15000,US,NY,rural,2
CAT_287,1,479ded49-60f3-4323-9414-cda4231acc42,c82a1669-6a24-429b-87ef-106fe94fb527,DXDCLG,m,38 weeks,en,multiple_birth,order2A,Y,N,N,EC,,y,"very pixelated, mom talking frequently and multiple siblings in video - more unusable trials than usuable ones",468,15.4,1,2,White,25-29,f,prof,110000,US,NY,suburban,NA
CAT_288,1,c0b85971-d16f-444c-9125-7fc3b5f1aa2e,c82a1669-6a24-429b-87ef-106fe94fb527,GXKMRZ,f,38 weeks,en,multiple_birth,order2A,Y,N,N,EC,,y,"very pixelated, mom talking frequently and multiple siblings in video - very few usuable trials",468,15.4,1,2,White,25-29,f,prof,110000,US,NY,suburban,NA
CAT_289,1,a8fe0fad-1543-42c7-b855-431baeecdf16,c82a1669-6a24-429b-87ef-106fe94fb527,ZXNBcQ,f,38 weeks,en,,order1A,Y,N,N,EC,,n,super cute and attentive baby! made it through every trial,540,17.7,1,2,White,30-34,f,prof,>200000,US,IL,suburban,NA
CAT_290,1,7c29b647-4713-4dc9-bf39-155244e01643,c82a1669-6a24-429b-87ef-106fe94fb527,BH7FVJ,f,40 or more weeks,en ml,,order2A-locationflip,Y,N,N,CS,,n,,472,15.5,3,2,Asian,35-39,f,prof,>200000,US,WA,suburban,NA
CAT_291,1,0d0ff4c7-5b0a-43b2-8334-d6d4bcfead4f,c82a1669-6a24-429b-87ef-106fe94fb527,dD35NN,m,40 or more weeks,en,,order1A-locationflip,Y,N,N,EC,,n,only made it through the first three trials ,499,16.4,1,2,White,35-39,f,bach,>200000,US,NY,urban,NA
CAT_292,1,2e71e81f-e906-40f0-9dd5-fda6fac7f190,c82a1669-6a24-429b-87ef-106fe94fb527,JTATRU,m,39 weeks,en,,order2B-locationflip,Y,Y,Y,SL,,n,order file names were switched in both session 1 and 2 of this spreadsheet,421,13.8,2,2,Asian,30-34,f,bach,60000,US,IL,suburban,2
CAT_292,2,a67a083a-9db5-41e6-993f-92139c25b7bc,c82a1669-6a24-429b-87ef-106fe94fb527,JTATRU,m,39 weeks,en,,order2A-locationflip,Y,Y,Y,SL,,n,kid very quirmy and video quality is not good. ,423,13.9,2,2,Asian,30-34,f,bach,60000,US,IL,suburban,2
CAT_293,1,2320d323-4e8e-41ae-a3f4-d6478e725ff2,c82a1669-6a24-429b-87ef-106fe94fb527,XZGFZK,m,39 weeks,en,,order1B,Y,Y,Y,SL,,n,ends at trial 23. kid gets crabby after trial 20,420,13.8,1,2,White,30-34,NA,prof,NA,US,MA,suburban,0
CAT_293,2,dd5cd1b5-9649-4564-bc35-c74becc7db07,c82a1669-6a24-429b-87ef-106fe94fb527,XZGFZK,m,39 weeks,en,,order1A,Y,Y,Y,SL,,,ends at trial 21. parent stopped video. Kiddo very squirmy and distrcated in last half. ,420,13.8,1,2,White,30-34,NA,prof,NA,US,MA,suburban,0
CAT_293,3,a82386dd-596a-483b-a190-32bc655f3997,c82a1669-6a24-429b-87ef-106fe94fb527,XZGFZK,m,39 weeks,en,,order1B,Y,Y,Y,NA,NA,NA,NA,464,15.2,1,2,White,30-34,NA,prof,NA,US,MA,suburban,0
CAT_293,4,851f3ed0-45bb-4381-95c2-ca67c272d2bb,c82a1669-6a24-429b-87ef-106fe94fb527,XZGFZK,m,39 weeks,en,,order1A,Y,Y,Y,NA,NA,NA,NA,470,15.4,1,2,White,30-34,NA,prof,NA,US,MA,suburban,0
CAT_294,1,ab02fa82-d0cb-4993-88cd-dd01d6d0a71f,c82a1669-6a24-429b-87ef-106fe94fb527,PJTUR5,f,36 weeks,en so,,order2A,Y,N,Y,EC,,y,prescreened out two trials; child wiggly but attentive!,476,15.6,1,2,"White, Hispanic, Latino, or Spanish origin",35-39,m,bach,>200000,US,NY,rural,NA
CAT_295,1,5b5cf3bf-5907-49f1-9f9a-2ea07ca0a1b6,c82a1669-6a24-429b-87ef-106fe94fb527,2C3CFP,m,37 weeks,en so,,order2B-locationflip,Y,Y,N,CS,,y,"mom talks some, lots of wiggling",438,14.4,1,2,Black or African American,30-34,f,bach,40000,US,IL,urban,15
CAT_295,2,c4f30dac-b2fc-4462-8fa7-50897909a315,c82a1669-6a24-429b-87ef-106fe94fb527,2C3CFP,m,37 weeks,en so,,order2A-locationflip,Y,Y,N,CS,,y,kid moved to gorund and vido ends after trial 22,453,14.9,1,2,Black or African American,30-34,f,bach,40000,US,IL,urban,15
CAT_296,1,28eb1b8f-28e9-47e5-9036-bfd476fb5992,c82a1669-6a24-429b-87ef-106fe94fb527,UdTTSP,f,37 weeks,en,,order2A-locationflip,Y,N,Y,EC,,n,screened out one trial due to inattention; video a bit glitchy and sibling in the background but eyes visible and attentive,520,17.1,2,2,White,35-39,f,prof,80000,US,OH,urban,NA
CAT_297,1,3ebc0c5a-0f30-4a5d-8fda-79283600f276,c82a1669-6a24-429b-87ef-106fe94fb527,B2HJ36,f,39 weeks,en fr,,order1A,Y,Y,N,SL,,y,"mom watched whole time, camera a bit glitchy.",435,14.3,1,2,White,35-39,f,grad,50000,FR,NA,urban,14
CAT_297,2,cb569444-6d46-4899-959a-7187d557d612,c82a1669-6a24-429b-87ef-106fe94fb527,B2HJ36,f,39 weeks,en fr,,order1B,Y,Y,N,CS,,n,"Parent watched some, squirmy toward the end",449,14.8,1,2,White,35-39,f,grad,50000,FR,NA,urban,14
CAT_298,1,46cfccff-4e6c-4f75-b76e-bb2f854a0728,c82a1669-6a24-429b-87ef-106fe94fb527,GZcT73,m,38 weeks,en ml,,order2A-locationflip,Y,Y,Y,CS,,n,,467,15.3,1,3,Asian,30-34,f,prof,100000,US,NC,urban,6
CAT_298,2,4f6eecab-eb6b-4ed4-8f97-90df71ff2224,c82a1669-6a24-429b-87ef-106fe94fb527,GZcT73,m,38 weeks,en ml,,order2B-locationflip,Y,Y,Y,CS,,n,,473,15.5,1,3,Asian,30-34,f,prof,100000,US,NC,urban,6
CAT_299,1,6b42a08d-a77f-458f-a51e-c9acd76dc460,c82a1669-6a24-429b-87ef-106fe94fb527,CHGDUV,f,39 weeks,en,,order2B,Y,Y,Y,CS,,n,,493,16.2,2,2,White,35-39,f,prof,100000,US,IL,suburban,4
CAT_299,2,84e8d5e1-8bda-48f3-aa25-b85f5e6f95ea,c82a1669-6a24-429b-87ef-106fe94fb527,CHGDUV,f,39 weeks,en,,order2A,Y,Y,Y,CS,,n,"Trial 13 and 29 had a time stamp that only went to around 3 seconds, but seemed to have a normal amount of trials",497,16.3,2,2,White,35-39,f,prof,100000,US,IL,suburban,4
CAT_300,1,ffd99169-b0d1-4aec-963a-8a2cbaa9af90,c82a1669-6a24-429b-87ef-106fe94fb527,2ZHdTL,f,39 weeks,en or so,,order1A,Y,Y,Y,SL,,n,,431,14.2,1,2,White,30-34,f,prof,>200000,US,IL,suburban,5
CAT_300,2,bf284cc6-d669-4505-b39b-246bea31e246,c82a1669-6a24-429b-87ef-106fe94fb527,2ZHdTL,f,39 weeks,en or so,,order1B,Y,Y,Y,SL,,y,,436,14.3,1,2,White,30-34,f,prof,>200000,US,IL,suburban,5
CAT_301,1,07a15b21-0028-4419-9fef-91fc3fcff37a,c82a1669-6a24-429b-87ef-106fe94fb527,YEcV4d,m,38 weeks,en,,order2B,Y,Y,Y,JB,,y,Only 7 trials baby fussed out right away ,414,13.6,1,2,White,30-34,f,prof,50000,US,IL,suburban,3
CAT_301,2,b0d4f0bf-ea3c-44eb-b618-70b2ec0d0efb,c82a1669-6a24-429b-87ef-106fe94fb527,YEcV4d,m,38 weeks,en,,order2A,Y,Y,Y,JB,,n,baby was attentive eyes a little blurry ,417,13.7,1,2,White,30-34,f,prof,50000,US,IL,suburban,3
CAT_302,1,b9b30400-7b53-40c8-a8bf-127acb7986fb,c82a1669-6a24-429b-87ef-106fe94fb527,VH3V42,f,40 or more weeks,en so,,order1B-locationflip,Y,Y,Y,JB,,n,"Baby was attentive, camera would blur a bit",471,15.5,1,2,White,35-39,f,bach,>200000,US,IL,urban,9
CAT_302,2,62b49d6f-370a-4b01-9b4d-8497b86ae6cf,c82a1669-6a24-429b-87ef-106fe94fb527,VH3V42,f,40 or more weeks,en so,,order1A-locationflip,Y,Y,Y,JB,,n,"Baby was attentive, camera would blur a bit",480,15.8,1,2,White,35-39,f,bach,>200000,US,IL,urban,9
CAT_303,1,8a498e77-a394-49d4-a99d-6e6eefe3a6cb,c82a1669-6a24-429b-87ef-106fe94fb527,LP2VX5,f,39 weeks,en so,,order1A,Y,Y,Y,SL,,n,,512,16.8,1,2,White,35-39,f,prof,>200000,US,NY,urban,13
CAT_303,2,d385d7e2-1e04-4cc8-b9ec-de072bdd1f0f,c82a1669-6a24-429b-87ef-106fe94fb527,LP2VX5,f,39 weeks,en so,,order1B,Y,Y,Y,SL,,n,,525,17.2,1,2,White,35-39,f,prof,>200000,US,NY,urban,13
CAT_304,1,e0c7075f-dfdf-457e-a8ed-867ce24bd30c,c82a1669-6a24-429b-87ef-106fe94fb527,R2MJcZ,m,40 or more weeks,en,,order1B,Y,Y,Y,CS,,n,Trial 7 ended early,443,14.6,1,2,White,30-34,f,bach,150000,US,IL,suburban,9
CAT_304,2,3fbc4d28-dd14-485f-9b70-a25eea988304,c82a1669-6a24-429b-87ef-106fe94fb527,R2MJcZ,m,40 or more weeks,en,,order1A,Y,Y,Y,CS,,n,,452,14.8,1,2,White,30-34,f,bach,150000,US,IL,suburban,9
CAT_305,1,9f00670e-74fc-43f0-92c2-d46477911661,c82a1669-6a24-429b-87ef-106fe94fb527,2FN7NS,m,40 or more weeks,en,,order2B,Y,N,N,CS,,y,,553,18.2,1,2,White,35-39,f,bach,>200000,US,FL,suburban,NA
CAT_306,1,978aa490-105b-4801-9cc8-03fa99e8051d,c82a1669-6a24-429b-87ef-106fe94fb527,WBH5BA,f,40 or more weeks,en,,order2B,Y,Y,Y,CS,,n,"very dark at times and pixelated, child very wiggly",492,16.2,1,2,White,25-29,f,bach,80000,US,IN,suburban,17
CAT_306,2,5c252731-ae27-462e-827e-919ce7df5157,c82a1669-6a24-429b-87ef-106fe94fb527,WBH5BA,f,40 or more weeks,en,,order2A,Y,Y,Y,CS,,n,"a ouple of computer lags, wiggly",509,16.7,1,2,White,25-29,f,bach,80000,US,IN,suburban,17
CAT_307,1,a131313c-a45c-45b5-a052-0270675cd0af,c82a1669-6a24-429b-87ef-106fe94fb527,PNAY5L,f,38 weeks,en,,order2B,Y,Y,Y,CS,,,,428,14.1,1,2,"White, Asian, Middle Eastern or North African",40-44,f,bach,130000,US,CA,suburban,7
CAT_307,2,81e53fe6-fe81-47af-8cd9-acb0fcb6f384,c82a1669-6a24-429b-87ef-106fe94fb527,PNAY5L,f,38 weeks,en,,order2A,Y,Y,Y,SL,CS,n,,435,14.3,1,2,"White, Asian, Middle Eastern or North African",40-44,f,bach,130000,US,CA,suburban,7
CAT_308,1,19f884d0-cedf-4d5a-828e-041c4335675d,c82a1669-6a24-429b-87ef-106fe94fb527,TK3NEQ,m,40 or more weeks,en,,order1A,Y,N,N,SL,,n,not 24 usable trials - only got through trial 22,547,18,3,2,Black or African American,25-29,f,prof,100000,US,IL,urban,NA
CAT_309,1,715e8152-57bf-459d-9cfe-ff75585f5adc,c82a1669-6a24-429b-87ef-106fe94fb527,SWVXYQ,f,40 or more weeks,en,,order2B,Y,Y,Y,SL,,n,good! Kid a bit squirmy and distracted by the end. Video quality not the best. ,424,13.9,1,2,White,25-29,f,bach,50000,US,OR,suburban,8
CAT_309,2,298c9aac-84ac-4c51-87c5-cabab7240e54,c82a1669-6a24-429b-87ef-106fe94fb527,SWVXYQ,f,40 or more weeks,en,,order2A,Y,Y,Y,SL,,n,some trials were shorter than others; unsure if there was a malfunction. Child moved around a lot but was attentive,432,14.2,1,2,White,25-29,f,bach,50000,US,OR,suburban,8
CAT_310,1,38e69f24-f83c-439e-b16e-7e3ac42b60e4,c82a1669-6a24-429b-87ef-106fe94fb527,HdMRSL,m,40 or more weeks,en,,order1B-locationflip,Y,N,N,SL,,y,,413,13.6,1,2,White,35-39,f,prof,130000,US,NY,NA,NA
CAT_311,1,bc102ab3-14f2-4fd2-95f6-8d35427ef927,c82a1669-6a24-429b-87ef-106fe94fb527,HZ6G5H,f,40 or more weeks,en,,order1B,Y,Y,Y,CS,,n,,559,18.4,1,2,White,30-34,f,prof,150000,US,PA,suburban,5
CAT_311,2,f5a1ef34-6ad0-4152-acca-da5a8b10733a,c82a1669-6a24-429b-87ef-106fe94fb527,HZ6G5H,f,40 or more weeks,en,,order1A,Y,Y,Y,CS,,n,,564,18.5,1,2,White,30-34,f,prof,150000,US,PA,suburban,5
CAT_312,1,c0dfa6bb-5705-4c23-bb50-acb9d5001d35,c82a1669-6a24-429b-87ef-106fe94fb527,NPLB2S,f,Not sure or prefer not to answer,en,,order2A-locationflip,Y,N,N,CS,,n,some fuzziness at beginnings of trials,433,14.2,3,2,Asian,25-29,f,bach,120000,US,CA,urban,NA
CAT_313,1,9edf6033-3cd4-44e8-9f61-234d2fce29e3,c82a1669-6a24-429b-87ef-106fe94fb527,GNCDRX,m,39 weeks,en,,order1A,Y,Y,Y,CS,,y,sibling watching the whole time and talking someone off camera at times,506,16.6,2,2,White,30-34,f,prof,110000,US,MN,suburban,1
CAT_313,2,f8f3bff3-1e19-4f71-9cd6-f92b913a42db,c82a1669-6a24-429b-87ef-106fe94fb527,GNCDRX,m,39 weeks,en,,order1A,Y,Y,Y,CS,,y,"Very dark, hard to see eyes",507,16.7,2,2,White,30-34,f,prof,110000,US,MN,suburban,1
CAT_314,1,28a36a09-1df3-4a4a-9db2-8565fbfe0c60,c82a1669-6a24-429b-87ef-106fe94fb527,Vc6TSV,m,39 weeks,en,,order1A-locationflip,Y,Y,Y,EC,,n,trials after 16 are unusable as the baby begins to cry,499,16.4,3,2,White,30-34,f,prof,60000,US,TN,suburban,3
CAT_314,2,46ed9aa7-58ea-48f1-95ff-c1957540cc5f,c82a1669-6a24-429b-87ef-106fe94fb527,Vc6TSV,m,39 weeks,en,,order1B-locationflip,Y,Y,Y,EC,,n,numerous trials unusable after trial 20 but generally pretty attentive,502,16.5,3,2,White,30-34,f,prof,60000,US,TN,suburban,3
CAT_316,1,15c90eb9-1e5f-4fa7-adaf-0f4d450ee890,c82a1669-6a24-429b-87ef-106fe94fb527,GGQYdS,m,39 weeks,en,,order2B,Y,Y,N,EC,,n,bad video quality but very attentive baby - super curious,442,14.5,1,2,"Black or African American, Asian",22-24,f,hs,20000,US,ND,rural,6
CAT_316,2,87d3549a-9038-44c0-b305-c86a27c77116,c82a1669-6a24-429b-87ef-106fe94fb527,GGQYdS,m,39 weeks,en,,order2A,Y,Y,N,EC,,n,bad video quality and eating crackers but very attentive baby,448,14.7,1,2,"Black or African American, Asian",22-24,f,hs,20000,US,ND,rural,6
CAT_317,1,19466cdf-912c-405f-af4e-3e8000a98efb,c82a1669-6a24-429b-87ef-106fe94fb527,6WcDP5,f,40 or more weeks,en,,order1A-locationflip,Y,Y,Y,EC,,y,parent's eyes open for only a few trials here and there; baby very attentive and made it through the whole study,502,16.5,1,2,White,25-29,f,bach,60000,US,DC,urban,8
CAT_317,2,fd3210df-e2ac-4e4a-b56d-5d9f37260572,c82a1669-6a24-429b-87ef-106fe94fb527,6WcDP5,f,40 or more weeks,en,,order1B-locationflip,Y,Y,Y,EC,,y,baby very attentive - parent's eyes open and occasionally they took sips of a drink which distracted baby,510,16.8,1,2,White,25-29,f,bach,60000,US,DC,urban,8
CAT_318,1,8ec57c09-4f6b-45ab-8638-091f2b418a31,c82a1669-6a24-429b-87ef-106fe94fb527,6DcDEV,m,40 or more weeks,en,,order1B-locationflip,Y,Y,Y,EC,,n,only made it through four trials!,458,15,2,2,White,35-39,f,prof,NA,US,NY,suburban,0
CAT_318,2,89df2bff-294a-4427-85a1-269c090862bf,c82a1669-6a24-429b-87ef-106fe94fb527,6DcDEV,m,40 or more weeks,en,,order1A-locationflip,Y,Y,Y,EC,,y,only about four usuable trials,458,15,2,2,White,35-39,f,prof,NA,US,NY,suburban,0
CAT_319,1,9ec53bad-34ff-47aa-a310-cee8d8642ba2,c82a1669-6a24-429b-87ef-106fe94fb527,3dC232,m,40 or more weeks,en,,order2B,Y,N,N,EC,,n,attentive baby and good quality video; only coded out one trial due to inattention,489,16.1,1,2,White,30-34,f,prof,170000,US,WI,suburban,NA
CAT_320,1,ee55013a-9b91-4407-bb5b-1f495a1958a2,c82a1669-6a24-429b-87ef-106fe94fb527,N5ELB7,f,40 or more weeks,en fr,,order1A-locationflip,Y,Y,Y,EC,,n,"parent not in video, baby far away from camera but very attentive",469,15.4,2,2,"White, Black or African American",25-29,f,prof,110000,US,MA,urban,5
CAT_320,2,8a541c99-385e-44b9-9ec1-b7785ae19264,c82a1669-6a24-429b-87ef-106fe94fb527,N5ELB7,f,40 or more weeks,en fr,,order1B-locationflip,Y,Y,Y,EC,,y,"parent talks on phone near end of studying leading to exclusion of several trials, baby slightly distracted but pretty attentive overall",474,15.6,2,2,"White, Black or African American",25-29,f,prof,110000,US,MA,urban,5
CAT_321,1,cd5ccb32-faaf-4410-b114-5e7f43e8ad49,c82a1669-6a24-429b-87ef-106fe94fb527,LEZLDB,m,37 weeks,en,,order2A,Y,Y,Y,EC,,y,baby squirmy and parent vaguely interfering throughout but baby overall attentive to screen,453,14.9,1,2,White,35-39,f,prof,>200000,US,NY,suburban,29
CAT_321,2,87fbc9f1-07b6-4d9c-9e3e-926d83f6d827,c82a1669-6a24-429b-87ef-106fe94fb527,LEZLDB,m,37 weeks,en,,order2B,Y,Y,Y,EC,,y,"most trials past 18 (excluding 21, 24, and 28) needed to be prescreened out due to baby distraction and/or parental interference",482,15.8,1,2,White,35-39,f,prof,>200000,US,NY,suburban,29
CAT_322,1,ff903cb3-3f54-4954-a923-97a95cf1f5ca,c82a1669-6a24-429b-87ef-106fe94fb527,3FLDHV,m,37 weeks,en,,order1A,Y,Y,Y,EZ,,y,coded,412,13.5,1,2,White,25-29,f,prof,>200000,US,IL,urban,6
CAT_322,2,6fccc399-e582-4478-aeb3-f770bd9dfe82,c82a1669-6a24-429b-87ef-106fe94fb527,3FLDHV,m,37 weeks,en,,order1B,Y,Y,Y,EZ,,n,"most trials unusable due to technical issues, less than 10 usable trials coded",418,13.7,1,2,White,25-29,f,prof,>200000,US,IL,urban,6
CAT_323,1,2a60dd11-8f64-4041-8b83-eabf2d77b4fd,c82a1669-6a24-429b-87ef-106fe94fb527,UE6UJB,f,39 weeks,en,,order1A,Y,Y,Y,EZ,,y,video quality was jumpy,493,16.2,1,2,White,30-34,f,prof,190000,US,ID,rural,11
CAT_323,2,ed8478a7-5363-4d1e-a1e4-ba3460b7466f,c82a1669-6a24-429b-87ef-106fe94fb527,UE6UJB,f,39 weeks,en,,order1B,Y,Y,Y,EZ,,n,video quality was jumpy,504,16.6,1,2,White,30-34,f,prof,190000,US,ID,rural,11
CAT_324,1,1b47f758-49ea-4da7-8bbf-56834c0b1559,c82a1669-6a24-429b-87ef-106fe94fb527,EUEMCT,f,39 weeks,en cmn es,,order2B-locationflip,Y,Y,Y,EZ,,y,lost a few trials near the end but otherwise good,498,16.4,2,2,"White, Asian",35-39,f,prof,150000,US,PA,suburban,18
CAT_324,2,5e612426-3bd7-4390-b12e-6ee7e149a671,c82a1669-6a24-429b-87ef-106fe94fb527,EUEMCT,f,39 weeks,en cmn es,,order2A-locationflip,Y,Y,Y,EZ,,y,mother's eyes open for a few trials,516,17,2,2,"White, Asian",35-39,f,prof,150000,US,PA,suburban,18
CAT_325,1,63366dde-59f8-4381-9de2-8774ea337355,c82a1669-6a24-429b-87ef-106fe94fb527,6R5DEJ,m,40 or more weeks,en,,order1A,Y,N,N,EC,,n,baby attentive made it through every trial; parent's eyes only opened briefly during a couple of trials when readjusting baby,415,13.6,2,2,White,25-29,f,bach,80000,US,VA,suburban,NA
CAT_326,1,4b839608-9857-4c26-845c-ca3eb18d8e86,c82a1669-6a24-429b-87ef-106fe94fb527,RDUVCS,m,39 weeks,en,,order1B,Y,Y,Y,SL,,n,,434,14.3,1,2,White,35-39,f,prof,150000,US,IL,suburban,3
CAT_326,2,381ae069-d438-4e36-a528-b0c2a4c48a56,c82a1669-6a24-429b-87ef-106fe94fb527,RDUVCS,m,39 weeks,en,,order1A,Y,Y,Y,SL,,n,"for the most part, moms eyes were closed. But child did fuss out sand mom's eyes opened after trial 21 or so when the child was fussy.",437,14.4,1,2,White,35-39,f,prof,150000,US,IL,suburban,3
CAT_327,1,a3a57cee-1634-458e-af04-4a569f4cd968,c82a1669-6a24-429b-87ef-106fe94fb527,V4N36B,m,38 weeks,en,,order2A,Y,Y,Y,EZ,,y,"jumpy video quality, blurry video quality on and off",430,14.1,2,2,White,30-34,f,prof,170000,US,PA,suburban,10
CAT_327,2,11a2aa38-ac72-40b2-b65c-a5d0f642bf24,c82a1669-6a24-429b-87ef-106fe94fb527,V4N36B,m,38 weeks,en,,order2B,Y,Y,Y,EZ,,y,"jumpy video quality, blurry video quality on and off",440,14.5,2,2,White,30-34,f,prof,170000,US,PA,suburban,10
CAT_328,1,e2c55ed8-6289-42f2-80ac-709a15441d65,c82a1669-6a24-429b-87ef-106fe94fb527,DFC4dW,f,39 weeks,en,,order1A-locationflip,Y,Y,Y,EC,,n,video very blurry/pixelated at time but baby very attentive throughout,511,16.8,1,2,White,25-29,f,prof,80000,US,PA,suburban,14
CAT_328,2,63af51ad-87fb-4dcc-9bbf-0cde617b26bf,c82a1669-6a24-429b-87ef-106fe94fb527,DFC4dW,f,39 weeks,en,,order1B-locationflip,Y,Y,Y,EC,,n,baby very attentive throughout ,525,17.2,1,2,White,25-29,f,prof,80000,US,PA,suburban,14
CAT_329,1,40b6d38f-7d6a-4d40-a5f8-f1b8d99f0685,c82a1669-6a24-429b-87ef-106fe94fb527,ENWLGc,m,39 weeks,en,,order1A-locationflip,Y,Y,N,EC,,n,baby very attentive and adorable!,473,15.5,1,2,Black or African American,25-29,f,prof,150000,US,IL,suburban,10
CAT_329,2,a1c84df5-fc91-4935-9012-0cf26e523912,c82a1669-6a24-429b-87ef-106fe94fb527,ENWLGc,m,39 weeks,en,,order1B-locationflip,Y,Y,N,EC,,n,attentive baby - a bit drowsy near the end,483,15.9,1,2,Black or African American,25-29,f,prof,150000,US,IL,suburban,10
CAT_330,1,fc427348-bce5-44cf-90d2-3756bdcdfe1e,c82a1669-6a24-429b-87ef-106fe94fb527,NFd6C3,m,39 weeks,en,,order2B-locationflip,Y,Y,Y,SL,,n,,523,17.2,8,2,White,35-39,f,bach,150000,US,MO,rural,13
CAT_330,2,85ff8003-48de-4405-8c67-f648a9a1cd4e,c82a1669-6a24-429b-87ef-106fe94fb527,NFd6C3,m,39 weeks,en,,order2A-locationflip,Y,Y,Y,SL,,,,536,17.6,8,2,White,35-39,f,bach,150000,US,MO,rural,13
CAT_331,1,5a294915-0fc0-4622-8efb-dedcc9230eec,c82a1669-6a24-429b-87ef-106fe94fb527,PER33c,f,40 or more weeks,en es,,order1B,Y,Y,Y,EC,,y,"sibling in video; baby somewhat attentive, coded out a few trials due to parent talking and inattention",550,18.1,2,2,"Hispanic, Latino, or Spanish origin, Black or African American",30-34,f,bach,70000,US,MO,suburban,7
CAT_331,2,668952f2-0e7a-4b7f-8511-e8a25f2dcdd7,c82a1669-6a24-429b-87ef-106fe94fb527,PER33c,f,40 or more weeks,en es,,order1A,Y,Y,Y,EC,,y,pixelated at times and generally attentive,557,18.3,2,2,"Hispanic, Latino, or Spanish origin, Black or African American",30-34,f,bach,70000,US,MO,suburban,7
CAT_332,1,52da9430-9d7f-4477-b554-4be03f6cf4c5,c82a1669-6a24-429b-87ef-106fe94fb527,YSRSKR,f,40 or more weeks,en,,order1B,Y,Y,Y,CS,,,"only had three trials in video, not coded",451,14.8,3,2,White,35-39,f,prof,NA,US,CA,suburban,6
CAT_332,2,1efe8cce-7043-4eda-a40c-60b682dbcd4f,c82a1669-6a24-429b-87ef-106fe94fb527,YSRSKR,f,40 or more weeks,en,,order1A,Y,Y,Y,CS,,y,"attentive baby, little wiggly at the end",457,15,3,2,White,35-39,f,prof,NA,US,CA,suburban,6
CAT_333,1,c2005bcc-5169-4e48-b36a-bc0ad8afb572,c82a1669-6a24-429b-87ef-106fe94fb527,QE45V4,m,37 weeks,en,,order1A,Y,Y,Y,EC,,n,wiggly baby and bad video quality; prescreened out several trials due to inattention ,452,14.8,2,2,White,35-39,f,bach,NA,US,IL,suburban,5
CAT_333,2,42737ccb-cb28-47c8-8242-0903d335ec69,c82a1669-6a24-429b-87ef-106fe94fb527,QE45V4,m,37 weeks,en,,order1B,Y,Y,Y,EC,,n,wiggly adorable baby - prescreened out several trials due to inattention,457,15,2,2,White,35-39,f,bach,NA,US,IL,suburban,5
CAT_334,1,3f6f1dc0-c8d6-47f1-8206-ded4ba2ad0b3,c82a1669-6a24-429b-87ef-106fe94fb527,VGcUN5,m,40 or more weeks,en ml,,order1B-locationflip,Y,Y,N,SL,,n,baby fussed for 10 trials,517,17,1,2,Asian,30-34,f,prof,100000,US,CA,suburban,5
CAT_334,2,cd59dd28-0c0f-4374-8d3e-35c508e2e4db,c82a1669-6a24-429b-87ef-106fe94fb527,VGcUN5,m,40 or more weeks,en ml,,order1A-locationflip,Y,Y,N,SL,,n,good!,522,17.1,1,2,Asian,30-34,f,prof,100000,US,CA,suburban,5
CAT_335,1,3a9dcb82-9919-42c9-a50b-d36de35c387b,c82a1669-6a24-429b-87ef-106fe94fb527,Ydd4DG,f,40 or more weeks,en,,order1A,Y,N,N,CS,,n,"Very attentive, good lighting",542,17.8,1,2,"White, Asian",30-34,f,prof,>200000,US,MA,urban,NA
CAT_336,1,afcc4cdc-c3d4-4959-af5c-a346d35d1d0f,c82a1669-6a24-429b-87ef-106fe94fb527,BFWc4H,f,39 weeks,en,,order2A-locationflip,Y,Y,Y,CS,,y,"pretty wiggly, some lags and chopiness in video, ends at trial 26",536,17.6,2,2,White,35-39,f,prof,160000,US,WI,suburban,7
CAT_336,2,1e1c5dd6-7b45-480b-99b7-98fb0b7676db,c82a1669-6a24-429b-87ef-106fe94fb527,BFWc4H,f,39 weeks,en,,order2B-locationflip,Y,Y,Y,CS,,n,"very attentive, good clear video",543,17.8,2,2,White,35-39,f,prof,160000,US,WI,suburban,7
CAT_337,1,fe5a1d92-0fb1-4f3c-b0d1-f5e852bd1b35,c82a1669-6a24-429b-87ef-106fe94fb527,3TKXXL,f,40 or more weeks,en,,order2B,Y,Y,Y,EC,,y,had to prescreen out several trials due to parent talking and inattention; wiggly baby and eyes generally focused despite bad video quality,424,13.9,3,2,White,30-34,f,prof,>200000,US,PA,urban,3
CAT_337,2,71f6c27a-e0e9-44ac-a2f5-b28e5cd3bd8c,c82a1669-6a24-429b-87ef-106fe94fb527,3TKXXL,f,40 or more weeks,en,,order2A,Y,Y,Y,EC,,y,prescreened several trials out due to inattention,427,14,3,2,White,30-34,f,prof,>200000,US,PA,urban,3
CAT_338,1,285d8ee4-1441-4e21-8085-790698838776,c82a1669-6a24-429b-87ef-106fe94fb527,DNSHS7,m,39 weeks,en,,order2B,Y,Y,Y,EC,,y,fidgety but generally attentive baby; prescreened out one trial,447,14.7,1,2,White,30-34,f,bach,>200000,US,CA,suburban,0
CAT_338,2,de68ae02-07fe-46ec-90af-61b50d409d71,c82a1669-6a24-429b-87ef-106fe94fb527,DNSHS7,m,39 weeks,en,,order2A,Y,Y,Y,EC,,y,"wriggly baby, very adorable - coded out a few trials due to inattention",447,14.7,1,2,White,30-34,f,bach,>200000,US,CA,suburban,0
CAT_339,1,5c435444-2652-4487-a6e0-79723bd48d73,c82a1669-6a24-429b-87ef-106fe94fb527,SK2HA7,m,40 or more weeks,en so,,order2A-locationflip,Y,Y,Y,CS,,n,"very clear video, but loses focus at trial 14, only 12 usable trials, skips trial 22",464,15.2,1,3,"White, Hispanic, Latino, or Spanish origin",35-39,f,prof,150000,US,CO,urban,5
CAT_339,2,a6686b48-487d-479c-bb45-5b26d8ab89b5,c82a1669-6a24-429b-87ef-106fe94fb527,SK2HA7,m,40 or more weeks,en so,,order2B-locationflip,Y,Y,Y,CS,,y,"very clear video, more innattentive toward the end",469,15.4,1,3,"White, Hispanic, Latino, or Spanish origin",35-39,f,prof,150000,US,CO,urban,5
CAT_340,1,c33f2a6c-5d51-484c-a2e6-f6885d7b19b3,c82a1669-6a24-429b-87ef-106fe94fb527,DSTPAd,m,38 weeks,en,,order2A-locationflip,Y,N,N,EC,,n,very happy and adorable baby; wiggly but attentive,523,17.2,3,2,White,30-34,f,prof,>200000,US,NY,urban,NA
CAT_341,1,a8c5f91d-31f7-4a38-b56e-9af09f0a0886,c82a1669-6a24-429b-87ef-106fe94fb527,U4EZ6N,f,38 weeks,en,,order1A,Y,Y,Y,EC,,n,very attentive and adorable; sat through the whole study + eyes very easy to see due to good lighting,527,17.3,3,2,"White, Middle Eastern or North African",30-34,f,bach,140000,US,VA,suburban,8
CAT_341,2,6512f6ed-393f-46f3-8877-06d514936c9b,c82a1669-6a24-429b-87ef-106fe94fb527,U4EZ6N,f,38 weeks,en,,order1B,Y,Y,Y,EC,,n,"adorable, happy, and attentive - great lighting and sat through whole study",535,17.6,3,2,"White, Middle Eastern or North African",30-34,f,bach,140000,US,VA,suburban,8
CAT_342,1,1ba4e41e-4be6-4657-aade-ad74ca839368,c82a1669-6a24-429b-87ef-106fe94fb527,UYTCQE,m,37 weeks,en it cmn es,,order2B-locationflip,Y,N,N,EC,,n,wiggly and attentive; kind of far from camera and family moving around in background,481,15.8,1,2,"White, Asian",45-49,f,prof,>200000,US,NY,urban,NA
CAT_343,1,0d0e8fe3-a69f-4b90-b5df-1f073dd128e5,c82a1669-6a24-429b-87ef-106fe94fb527,535RZ6,m,40 or more weeks,en,,order1B-locationflip,Y,Y,Y,EC,,y,adorable baby and good lighting; both parents in and out of frame,443,14.6,1,2,White,35-39,f,prof,180000,US,MA,suburban,3
CAT_343,2,3c9da174-dcd0-4c57-8f67-e5e28e707e38,c82a1669-6a24-429b-87ef-106fe94fb527,535RZ6,m,40 or more weeks,en,,order1A-locationflip,Y,Y,Y,EC,,n,adorable baby and good lighting! Only coded out one trial,446,14.7,1,2,White,35-39,f,prof,180000,US,MA,suburban,3
CAT_344,1,24edc4fe-87ff-417d-979a-90fad87ba157,c82a1669-6a24-429b-87ef-106fe94fb527,B4RT6K,f,39 weeks,en ml,,order1A-locationflip,Y,Y,Y,CS,,y,"skips trial 3, hair in left eye and wiggly, but clear video and attentive baby",495,16.3,1,2,Asian,35-39,f,bach,>200000,US,CT,suburban,5
CAT_344,2,c4b00eef-47f2-4b84-b914-d483c4778f35,c82a1669-6a24-429b-87ef-106fe94fb527,B4RT6K,f,39 weeks,en ml,,order1B-locationflip,Y,Y,Y,CS,,y,"wiggly, but attentive, great facial expressions:)",500,16.4,1,2,Asian,35-39,f,bach,>200000,US,CT,suburban,5
CAT_345,1,701f4ba0-f271-4edf-8657-3a88668f6fbe,c82a1669-6a24-429b-87ef-106fe94fb527,NLTBUV,f,40 or more weeks,en,,order1B-locationflip,Y,Y,Y,EC,,n,very serious and attentive baby - very fun to watch watch the video,490,16.1,1,2,White,30-34,f,bach,130000,US,NJ,suburban,20
CAT_345,2,498ce9ca-4ed8-4b7d-a33f-d24a93fa3358,c82a1669-6a24-429b-87ef-106fe94fb527,NLTBUV,f,40 or more weeks,en,,order1A-locationflip,Y,Y,Y,EC,,y,attentive and serious - missed no trials,510,16.8,1,2,White,30-34,f,bach,130000,US,NJ,suburban,20
CAT_346,1,482564b9-ab77-4dee-a665-62fda45850f7,c82a1669-6a24-429b-87ef-106fe94fb527,U4Dc7C,f,38 weeks,en,,order1B-locationflip,Y,Y,Y,CS,,y,"super cute, very attentive",515,16.9,1,2,White,25-29,f,prof,90000,US,CO,suburban,19
CAT_346,2,fb82995c-bcf9-44ed-882f-17a84422a8de,c82a1669-6a24-429b-87ef-106fe94fb527,U4Dc7C,f,38 weeks,en,,order1A-locationflip,Y,Y,Y,EC,,y,extremely wiggly and odd angle of camera but very happy and attentive,534,17.5,1,2,White,25-29,f,prof,90000,US,CO,suburban,19
